Year,china,india,usa
1960,,,
1961,5.208136666,2.463061952,1.400000005
1962,5.246177198,3.605780324,4.499999996
1963,-3.364688932,3.480255013,11.3
1964,9.538324061,3.643550163,12.90000001
1965,-1.066446185,-7.101402309,9.699999996
1966,2.5904944,17.9150139,7.200000006
1967,-2.693533641,10.3004176,1.899999995
1968,10.27067214,17.50971628,-1.599999991